-7.362321163639781174e-01,3.601750807204793237e-01,0.000000000000000000e+00
-1.136200644172088214e+00,-1.873947572340474432e-01,0.000000000000000000e+00
3.712668169249845884e-01,4.589829906771631524e-02,0.000000000000000000e+00
-6.437363726258966690e-01,-2.179909421991049534e+00,1.000000000000000000e+00
-6.669856863627119381e-01,-1.144535940218436965e+00,1.000000000000000000e+00
-1.985026342123153154e-01,2.039211360083026836e+00,1.000000000000000000e+00
-4.289539383397438232e-01,5.119259174262109635e-01,0.000000000000000000e+00
-4.581914717787096691e-01,-4.395986664018561307e-01,0.000000000000000000e+00
-1.768933152905119321e+00,-4.315409437163496009e-01,1.000000000000000000e+00
3.474296834047121973e-01,-2.484226403012710360e-01,0.000000000000000000e+00
-9.742311721615973807e-01,-2.434533005201694189e-01,0.000000000000000000e+00
1.600498215525890666e-01,1.038322379735244078e-01,0.000000000000000000e+00
5.951547505315033515e-01,-1.737491006801266114e+00,1.000000000000000000e+00
-1.511741167156514409e+00,7.841115555714553986e-01,1.000000000000000000e+00
7.118115669536002887e-02,2.391222927055734748e-01,0.000000000000000000e+00
-2.261678032895378387e-01,-8.581251173185554526e-01,0.000000000000000000e+00
-3.583795930905018801e-01,2.872651668571466477e-01,0.000000000000000000e+00
1.052471121005982946e+00,9.980562180934184902e-01,1.000000000000000000e+00
8.450430718239023697e-01,7.612170191916974860e-01,0.000000000000000000e+00
-2.025967756202320114e-01,2.523096941198684995e+00,1.000000000000000000e+00
5.787407568599122198e-01,-1.033094776338395748e+00,0.000000000000000000e+00
4.040812063889100414e-01,-8.568590796901666140e-01,0.000000000000000000e+00
3.277001571274908986e-01,3.483046466407855313e-01,0.000000000000000000e+00
-6.932360761522662340e-01,1.591978384622861675e+00,1.000000000000000000e+00
-3.241983125746447647e-01,-3.431241984624514574e-01,0.000000000000000000e+00
-1.139449228946549875e+00,-1.426923609178697872e+00,1.000000000000000000e+00
1.859783570825908949e+00,-6.980081571324517897e-01,1.000000000000000000e+00
-6.799649706463724019e-01,1.011973362769349238e+00,1.000000000000000000e+00
8.285897059253649610e-01,-1.500869202533536617e+00,1.000000000000000000e+00
-7.035271697614543518e-01,-1.766337392963971853e+00,1.000000000000000000e+00
1.450854207340779967e+00,-2.456335818501322876e-01,1.000000000000000000e+00
-9.892526801153390670e-01,2.525156580497757153e-01,0.000000000000000000e+00
-7.747427082982035751e-01,-4.907778806462538834e-01,0.000000000000000000e+00
1.957568084369689654e-01,3.291725064006064128e-01,0.000000000000000000e+00
-7.782514386144528951e-01,-9.115613847015487936e-01,1.000000000000000000e+00
-1.930932540216512561e-01,7.408998427445352419e-01,0.000000000000000000e+00
-4.980367242506552605e-01,-1.182420432997462134e+00,1.000000000000000000e+00
9.416321039651816271e-02,-1.675115551069831232e-01,0.000000000000000000e+00
1.114063658595797479e+00,-1.344138175858879292e+00,1.000000000000000000e+00
1.323425545426674788e+00,-4.692245003941526993e-01,1.000000000000000000e+00
1.653310918783941652e+00,-4.186172615643103945e-01,1.000000000000000000e+00
3.645431198398544903e-01,-1.797707770028981411e+00,1.000000000000000000e+00
1.084269622638258657e+00,-3.827333629143835902e-01,0.000000000000000000e+00
5.495124464999238123e-01,-1.198628201035407015e+00,1.000000000000000000e+00
2.263044317639658853e+00,-1.094166311391003843e+00,1.000000000000000000e+00
8.334678962988087969e-01,6.689714419291219460e-01,0.000000000000000000e+00
-1.107032778652442401e-01,8.397975714271040948e-01,0.000000000000000000e+00
-6.618032643491299494e-01,8.070876846660327564e-01,0.000000000000000000e+00
1.205761056608405601e+00,-5.010301883305012804e-01,1.000000000000000000e+00
1.211606076963205547e+00,-1.600540753778854741e+00,1.000000000000000000e+00
1.868091551728815192e-01,1.609676840325155123e+00,1.000000000000000000e+00
-1.092253282628976585e+00,-1.851472160563905955e+00,1.000000000000000000e+00
-1.446274678812011549e+00,-1.304503990752361675e+00,1.000000000000000000e+00
3.190068347686725869e-01,4.191667801495925771e-01,0.000000000000000000e+00
-6.460596154824685966e-01,1.135471308203403994e-02,0.000000000000000000e+00
1.800111666247241393e+00,3.784532100774316565e-01,1.000000000000000000e+00
3.558867060980160923e-01,4.712459260526795091e-01,0.000000000000000000e+00
-2.591107056303816880e-01,-1.047039689039877874e+00,0.000000000000000000e+00
-8.454032270905275093e-01,1.493287639922479926e+00,1.000000000000000000e+00
1.711661404601018788e+00,5.205460154346013280e-01,1.000000000000000000e+00
1.114439738192881890e+00,-1.224782601124634607e-01,0.000000000000000000e+00
2.181676664903268836e+00,-2.314811897821407172e-01,1.000000000000000000e+00
5.579250748677744287e-01,9.185741882407616465e-01,0.000000000000000000e+00
-1.119786329480053855e+00,3.780620144907740898e-01,0.000000000000000000e+00
-4.792311329452765556e-02,-3.238923121162619045e-01,0.000000000000000000e+00
2.029723678620679594e-01,-7.064488452549556874e-02,0.000000000000000000e+00
1.512931758308023511e+00,-2.051118295176480519e-02,1.000000000000000000e+00
-2.447537456955297230e+00,-1.393142100225600144e+00,1.000000000000000000e+00
3.909767440773560809e-02,7.732028532231554063e-01,0.000000000000000000e+00
-6.306881067701917143e-01,-1.318956195612656368e-01,0.000000000000000000e+00
-1.926507960657666718e+00,-1.061159407260819504e-01,1.000000000000000000e+00
-1.062104697859606040e+00,1.351252388028137297e+00,1.000000000000000000e+00
-2.663223695147806769e+00,5.786829672155479054e-01,1.000000000000000000e+00
-1.206204480743298779e+00,-1.242292721184585558e+00,1.000000000000000000e+00
-6.424339033608117422e-01,2.853974377523019745e-01,0.000000000000000000e+00
-4.530022741270083309e-01,9.261193329398987872e-01,0.000000000000000000e+00
-1.458570421461721667e+00,-8.674706266925999998e-01,1.000000000000000000e+00
1.258912053790485652e+00,5.529109131085740980e-01,1.000000000000000000e+00
1.067664745253205094e+00,-7.670946288343669650e-01,1.000000000000000000e+00
-1.567215987198925520e-01,8.464136189125235354e-01,0.000000000000000000e+00
-8.564944552252198307e-01,-3.274851010652662375e-01,0.000000000000000000e+00
-9.132328103516179629e-01,-8.375470402634273004e-01,1.000000000000000000e+00
4.918548823418573690e-01,-3.845925221760017054e-01,0.000000000000000000e+00
3.609870572288144119e-01,4.027714615949908317e-01,0.000000000000000000e+00
4.661007757672708252e-01,1.034813316803235850e+00,0.000000000000000000e+00
5.530582582898673216e-01,1.189165537666233563e+00,1.000000000000000000e+00
1.227007811440961715e+00,-8.104186225463195781e-01,1.000000000000000000e+00
1.376210753928503339e+00,-5.124285448295563539e-01,1.000000000000000000e+00
-2.628155014038203507e+00,-5.330436506865998680e-01,1.000000000000000000e+00
-4.844573280549417382e-01,8.301270951819771371e-01,0.000000000000000000e+00
1.085023399637262242e+00,-1.317144191089895999e+00,1.000000000000000000e+00
4.201050998209044374e-01,1.036582122882514279e+00,0.000000000000000000e+00
8.330295731611051524e-01,-7.950443570325771425e-01,0.000000000000000000e+00
1.183946960047223662e+00,1.355317702643909161e+00,1.000000000000000000e+00
-4.250896555588052905e-01,2.163619044725450191e+00,1.000000000000000000e+00
-5.280477988580021265e-01,1.165612788799062383e+00,1.000000000000000000e+00
3.553127349898312914e-01,6.674922129040956609e-01,0.000000000000000000e+00
6.297814597580023710e-01,4.018348184876268103e-01,0.000000000000000000e+00
2.925561131712938190e-01,1.877472819932195225e-01,0.000000000000000000e+00
6.895844786562553841e-01,1.150401332874470439e+00,1.000000000000000000e+00
-1.841735717632080049e-01,-1.064675491915439698e-01,0.000000000000000000e+00
-6.310748253439724120e-01,-1.027361559949490522e+00,1.000000000000000000e+00
-1.653499514548991689e+00,-1.221980998655657485e-01,1.000000000000000000e+00
4.986507988204757491e-01,2.385624641275324587e-01,0.000000000000000000e+00
7.621621339429650588e-01,1.349030404004055272e+00,1.000000000000000000e+00
7.680696605190027171e-01,6.030519806260722232e-02,0.000000000000000000e+00
-9.890962529411495563e-01,-5.390897978657993583e-01,0.000000000000000000e+00
1.648695870209238024e-01,-2.483431703134482693e-01,0.000000000000000000e+00
1.780684229467741075e-01,1.159911096119535356e+00,0.000000000000000000e+00
-1.158147795344467212e+00,9.064164107349244048e-01,1.000000000000000000e+00
2.258548071585404493e+00,-1.357864376121721950e+00,1.000000000000000000e+00
-3.725091360069039959e-01,-3.706927193187115055e-01,0.000000000000000000e+00
4.560710151800169143e-01,3.588357137162088983e-02,0.000000000000000000e+00
-2.807623260046698266e-01,1.109021830168068101e+00,0.000000000000000000e+00
6.254571837399166556e-01,1.047799841450045566e+00,1.000000000000000000e+00
7.071407133710648774e-01,7.016885353740711651e-01,0.000000000000000000e+00
-1.043871933834821020e+00,-2.119343011454853709e+00,1.000000000000000000e+00
-1.606911668504817481e+00,-1.187580051852345830e+00,1.000000000000000000e+00
-6.160963675842467957e-01,5.216000378603801169e-01,0.000000000000000000e+00
-2.708366820210034720e-01,2.210731517434871840e-01,0.000000000000000000e+00
-1.055164689026662606e+00,1.034462274568141105e+00,1.000000000000000000e+00
-9.447823846838937500e-02,7.809195349906129513e-01,0.000000000000000000e+00
-2.233783500135408051e+00,4.542336038700695022e-01,1.000000000000000000e+00
-7.956012396459429814e-01,-1.234165009875475526e-02,0.000000000000000000e+00
-1.086802691608542482e+00,4.491939569608667804e-01,0.000000000000000000e+00
3.272069406913447054e-02,8.267743889872121166e-01,0.000000000000000000e+00
5.553338235846816406e-01,-1.279984058672340774e+00,1.000000000000000000e+00
-4.643153838957009838e-01,-8.207601872734845982e-02,0.000000000000000000e+00
1.156232875570953000e+00,9.586097598345304505e-01,1.000000000000000000e+00
-1.568554204497124349e+00,-1.275836369020183048e+00,1.000000000000000000e+00
-4.452097016747418867e-01,-2.854492025360091945e-01,0.000000000000000000e+00
-2.937259208207222971e-01,7.904890680456768681e-01,0.000000000000000000e+00
5.824457660846633633e-01,1.548293886797685870e+00,1.000000000000000000e+00
1.205861699466300507e+00,4.672376025546038925e-01,1.000000000000000000e+00
-1.535212259974930715e+00,9.436160881289187286e-01,1.000000000000000000e+00
-8.347660905180777080e-01,-4.669214583169923327e-01,0.000000000000000000e+00
-4.019258304329596521e-01,8.586867816908703155e-01,0.000000000000000000e+00
1.497582773266250333e+00,-2.449093587350348600e-01,1.000000000000000000e+00
3.543540171399052752e-01,1.124230587222505351e+00,0.000000000000000000e+00
-7.746323292157618612e-01,4.922381084607340140e-01,0.000000000000000000e+00
-2.296690422363826922e+00,8.238980363816077873e-03,1.000000000000000000e+00
-4.784129827208917218e-01,-1.340039751379883404e+00,1.000000000000000000e+00
-1.172181638016170924e+00,2.469911086343442808e+00,1.000000000000000000e+00
1.503440863307780262e+00,-6.695683246125356813e-01,1.000000000000000000e+00
1.162618218270685677e+00,1.307224181564415666e+00,1.000000000000000000e+00
-1.018626785817635216e+00,-9.376471582151870710e-01,1.000000000000000000e+00
1.260233868140726576e+00,8.008494131443821828e-01,1.000000000000000000e+00
1.118295046633050349e+00,2.504380834669049372e-01,0.000000000000000000e+00
1.906798692433847864e-01,-1.490366516244714168e+00,1.000000000000000000e+00
-8.461225455411117702e-01,-8.187080542947236528e-02,0.000000000000000000e+00
-3.080630117367992860e-01,-1.193097374518210296e+00,1.000000000000000000e+00
8.327072522974267033e-01,1.239026095134445615e+00,1.000000000000000000e+00
-1.349085256191948634e-01,-5.041040524504144527e-01,0.000000000000000000e+00
-1.215117609499004159e+00,6.386308841713078666e-01,1.000000000000000000e+00
-8.954089389981533254e-01,8.363439699552350781e-01,1.000000000000000000e+00
1.012222360469917093e-01,-4.573790858291215677e-01,0.000000000000000000e+00
2.707163966113199649e-01,-1.656873311112801450e-01,0.000000000000000000e+00
-1.751951761209095404e-01,-6.914090647938432310e-01,0.000000000000000000e+00
-3.452019998551418833e-01,6.704952191424804475e-01,0.000000000000000000e+00
-9.904087612540152241e-01,-5.280530518980793009e-02,0.000000000000000000e+00
1.231811778960600678e+00,3.341040103296610275e-01,1.000000000000000000e+00
-1.169781226699414978e+00,-4.689805504689482096e-01,1.000000000000000000e+00
-1.126422369054762340e+00,1.063347493818692646e+00,1.000000000000000000e+00
-1.086776830645350272e-01,-2.286564923901088342e+00,1.000000000000000000e+00
9.141406891531383971e-01,1.598464570254061634e+00,1.000000000000000000e+00
5.927698258355367233e-01,-1.876742448809855246e-01,0.000000000000000000e+00
1.455947502464820076e+00,1.413092661769567826e+00,1.000000000000000000e+00
-5.370538335141620268e-01,-1.565201713267997397e+00,1.000000000000000000e+00
8.121744374563628910e-02,2.534205435676914475e-01,0.000000000000000000e+00
-1.530186633357528914e+00,-3.054241874137246793e-01,1.000000000000000000e+00
-9.211203196578214847e-01,-1.118824725349545357e+00,1.000000000000000000e+00
-3.006983090767481603e-01,1.071879542470236091e+00,0.000000000000000000e+00
7.534374784482285314e-02,-1.081514824867330637e-01,0.000000000000000000e+00
-9.481924942427983893e-01,-6.186444585416273068e-01,0.000000000000000000e+00
1.238029036054140608e+00,4.166034174911929094e-02,1.000000000000000000e+00
2.273236364001090803e-01,-1.312537900823103343e-01,0.000000000000000000e+00
-5.514957209511003183e-02,5.182527016371724082e-01,0.000000000000000000e+00
3.808612968065663296e-01,8.828688270764187274e-02,0.000000000000000000e+00
-1.055152876843646448e+00,-6.148806241766574532e-01,1.000000000000000000e+00
-4.613571415621005589e-01,-7.003278417344906970e-01,0.000000000000000000e+00
-2.585415001108848365e-01,-1.478428516829413564e+00,1.000000000000000000e+00
2.079505534904688702e+00,-1.881184158369481330e-01,1.000000000000000000e+00
-1.845831187201805834e+00,-6.781167345491767584e-02,1.000000000000000000e+00
-4.356712970364348680e-02,-1.310651665881232830e+00,1.000000000000000000e+00
1.759779722981971994e-01,-8.614837138879234413e-01,0.000000000000000000e+00
1.344336131137159107e+00,-2.141129644662866927e+00,1.000000000000000000e+00
-1.842150924277166091e-01,1.800248056574250133e-01,0.000000000000000000e+00
-4.624685406734174720e-01,-3.069930093563767448e-01,0.000000000000000000e+00
-1.719744357459806333e-02,-1.215853893096612293e+00,1.000000000000000000e+00
-7.561223999662326500e-01,-9.789939803819653896e-01,1.000000000000000000e+00
-1.098410240862646381e+00,-1.383958890760653038e+00,1.000000000000000000e+00
-1.203796026177435197e+00,-8.155059489316726085e-01,1.000000000000000000e+00
1.441794682553481755e+00,5.593687926450501280e-01,1.000000000000000000e+00
6.122176324290145022e-01,7.975548116150642519e-01,0.000000000000000000e+00
-6.337039797705524835e-01,-1.429218253420306006e-01,0.000000000000000000e+00
-1.587528804044461950e+00,1.087812216165291668e+00,1.000000000000000000e+00
6.965976966834458439e-01,1.563176972565956113e+00,1.000000000000000000e+00
3.736525111438860902e-01,1.602558609042508797e+00,1.000000000000000000e+00
5.885649299932667056e-01,4.467995526497560432e-02,0.000000000000000000e+00
-8.404881595465939492e-01,-1.154526689789455940e+00,1.000000000000000000e+00
-7.854977084297037893e-01,-1.023470257557737684e+00,1.000000000000000000e+00
-1.806571096311046176e+00,1.102182837502782231e+00,1.000000000000000000e+00
1.841548640320378460e-01,1.023674898266700994e+00,0.000000000000000000e+00
1.887927305549760515e+00,-5.421670674210237184e-01,1.000000000000000000e+00
1.015538783893189745e+00,7.544823546265762293e-02,0.000000000000000000e+00
7.345105285838494924e-02,-5.230580485334058727e-01,0.000000000000000000e+00
-1.316152134197356549e+00,5.660800077545296433e-02,1.000000000000000000e+00
9.109803165971851469e-01,-1.681788848461125419e-01,0.000000000000000000e+00
-1.001907175885999868e+00,6.285250790827770495e-02,0.000000000000000000e+00
-1.917880593970804348e-01,1.365384359257703517e+00,1.000000000000000000e+00
-1.354822931015057463e+00,8.255323950005398759e-01,1.000000000000000000e+00
3.555535412043311916e-01,-1.571350335851085661e-02,0.000000000000000000e+00
-9.760899175030521846e-01,-7.323820746923418445e-01,1.000000000000000000e+00
4.722698007545041432e-01,-4.169657388589672053e-01,0.000000000000000000e+00
1.695026718724021164e-01,1.559748665094947251e+00,1.000000000000000000e+00
-2.623242229740995857e+00,-1.275420575674233614e+00,1.000000000000000000e+00
4.176170867959289601e-01,8.951391252217897332e-01,0.000000000000000000e+00
6.627848932197951681e-01,-3.949678991280526907e-01,0.000000000000000000e+00
-2.443561361388926656e+00,-1.146545497902643707e+00,1.000000000000000000e+00
-6.851093707171737046e-01,1.306599795109207422e-02,0.000000000000000000e+00
-1.216922978412284362e+00,-7.559079616882374841e-01,1.000000000000000000e+00
-8.929975584271113154e-02,-3.020399389928179468e-01,0.000000000000000000e+00
-6.170391661881275969e-01,-1.485433164777635540e+00,1.000000000000000000e+00
6.126202682491649343e-01,-3.066825279127983195e-01,0.000000000000000000e+00
-2.247877759256970087e+00,5.050465397584730232e-02,1.000000000000000000e+00
4.093884214226279350e-01,1.352284152294193520e+00,1.000000000000000000e+00
-2.280328378242397203e-01,-7.644773031324214596e-01,0.000000000000000000e+00
-7.945229097210879110e-02,1.369487910100375405e+00,1.000000000000000000e+00
1.236758457459175453e+00,1.086038600476855631e+00,1.000000000000000000e+00
5.968787573137375180e-01,8.440711556161216711e-01,0.000000000000000000e+00
5.247399169563325971e-01,-2.654383462535963023e-01,0.000000000000000000e+00
3.583338220178731715e-01,1.427339077555377589e+00,1.000000000000000000e+00
1.077250591162223436e+00,1.193175479290962543e-01,0.000000000000000000e+00
9.182176097196782516e-01,5.719018193979201747e-01,0.000000000000000000e+00
9.171343035279869715e-01,6.235513761328889126e-01,0.000000000000000000e+00
8.260517293679633388e-01,1.689107636839328297e+00,1.000000000000000000e+00
6.752553493243610427e-01,1.803677915416166178e+00,1.000000000000000000e+00
1.979218770550335460e+00,2.170503787815478702e+00,1.000000000000000000e+00
2.851637545836749887e-01,-1.114356097366711262e+00,0.000000000000000000e+00
1.876798552654056207e-01,1.162724240395530906e+00,0.000000000000000000e+00
-3.580119466981780407e-01,-3.746284410972196277e-02,0.000000000000000000e+00
1.665719276499761703e+00,6.609512842876222871e-01,1.000000000000000000e+00
2.991308632463455797e-01,1.317116802204777226e+00,1.000000000000000000e+00
-3.066134564340146640e-01,1.169676792145488475e+00,1.000000000000000000e+00
9.678822443468215742e-01,-1.408916865115358075e+00,1.000000000000000000e+00
-2.066254073168230510e-01,-8.701237424711423252e-01,0.000000000000000000e+00
9.376079483528525493e-01,2.143360278857382006e+00,1.000000000000000000e+00
-2.096187757298401788e+00,3.812105932556138499e-01,1.000000000000000000e+00
-1.245951226669592016e+00,-7.482952608723437982e-02,1.000000000000000000e+00
7.222617405500750820e-01,-6.044799646448860697e-01,0.000000000000000000e+00
-7.420561596110624158e-01,-6.438458846509471645e-01,0.000000000000000000e+00
-7.647876967094302536e-01,1.124351042577128590e+00,1.000000000000000000e+00
-5.279615006643527675e-01,9.664624093979351516e-01,0.000000000000000000e+00
1.965551504266250527e-01,9.384508973368057561e-01,0.000000000000000000e+00
-1.088535879990162325e+00,1.353567806619164982e+00,1.000000000000000000e+00
-9.567114203412941942e-01,-2.814179971119994406e-01,0.000000000000000000e+00
2.751513022405717157e-01,-1.380458040760994987e+00,1.000000000000000000e+00
-7.521943607627015194e-01,-1.436117094234430347e+00,1.000000000000000000e+00
1.182611853932532986e+00,-2.290161653393744667e-01,1.000000000000000000e+00
2.246515498349540840e-01,2.233320235669757459e+00,1.000000000000000000e+00
-5.876583269698976153e-01,-5.488717770034496901e-01,0.000000000000000000e+00
1.790456538747236814e-01,2.785290303642475318e-01,0.000000000000000000e+00
-2.255600018425377495e+00,3.250623457426581736e-02,1.000000000000000000e+00
-1.856931673325410148e-01,3.393203154382501419e-02,0.000000000000000000e+00
-6.138711551483202328e-02,1.666158948503508874e+00,1.000000000000000000e+00
8.146217166100411244e-02,-9.447174667773067247e-01,0.000000000000000000e+00
8.071240189826005273e-02,1.151860063411172863e+00,0.000000000000000000e+00
-1.635040080206510149e+00,-7.192779364561682209e-01,1.000000000000000000e+00
-1.630428287357744421e-01,4.868680713919534275e-01,0.000000000000000000e+00
-6.159509243732906869e-01,3.455503471884415201e-01,0.000000000000000000e+00
-8.099431175822229267e-01,-2.607748500222998311e-01,0.000000000000000000e+00
-2.041746196832062432e-01,-9.910654750801131119e-01,0.000000000000000000e+00
6.731734026278476390e-01,8.443021150621092819e-01,0.000000000000000000e+00
-6.589832243492929065e-01,-1.171853179912691445e+00,1.000000000000000000e+00
4.134742337594769501e-01,5.616505026146969559e-01,0.000000000000000000e+00
-1.914461545997516168e-01,-7.367667046273237985e-02,0.000000000000000000e+00
4.331582285077323902e-01,1.109723514802186083e-03,0.000000000000000000e+00
4.239470279368174888e-01,3.332187091344546159e-01,0.000000000000000000e+00
-7.889142860114951583e-01,9.035205166112969533e-01,1.000000000000000000e+00
5.846684099932573098e-01,-2.271308055028473660e+00,1.000000000000000000e+00
-1.983391714839000342e+00,-8.135177688197750001e-01,1.000000000000000000e+00
8.292594713261521380e-03,-7.704524145181181893e-01,0.000000000000000000e+00
-6.405761003838865708e-01,-2.593571658503234789e-01,0.000000000000000000e+00
-5.681149909023506250e-01,-9.501963327857915198e-01,0.000000000000000000e+00
8.145159120506111350e-01,5.842049701715310572e-01,0.000000000000000000e+00
-1.169559458664174212e+00,5.670624818819258728e-01,1.000000000000000000e+00
-7.911984089251321572e-01,-1.432909656900383411e+00,1.000000000000000000e+00
8.668332945395700317e-01,1.044853621287747725e+00,1.000000000000000000e+00
-1.212027241230885899e+00,1.512142003596443685e+00,1.000000000000000000e+00
-8.706533673015819375e-01,3.259308243300540475e-01,0.000000000000000000e+00
-1.370692588960186475e-01,-1.743073791072638601e+00,1.000000000000000000e+00
1.768968101325092857e+00,-1.146489500159221103e-01,1.000000000000000000e+00
-6.518225722080854823e-01,-1.401612510586187188e+00,1.000000000000000000e+00
4.413545961857326949e-01,6.774009714350117672e-01,0.000000000000000000e+00
-1.419247793197473718e-02,-6.567529173342800952e-01,0.000000000000000000e+00
1.988905709912426323e-01,1.414707349586760810e+00,1.000000000000000000e+00
-6.398851713140768505e-02,1.124675470551637746e+00,0.000000000000000000e+00
-1.455795555939961794e+00,2.475215086486040050e-01,1.000000000000000000e+00
-1.564587196325994745e+00,-1.240765069158563001e-02,1.000000000000000000e+00
7.818896798123289305e-01,-2.406682351320621749e-01,0.000000000000000000e+00
-9.560280465521032722e-01,3.651483436287531470e-01,0.000000000000000000e+00
7.867609577064454962e-02,4.845300054898325492e-01,0.000000000000000000e+00
7.742195129425882838e-01,2.073485359803518779e+00,1.000000000000000000e+00
-2.644526486389833231e-01,4.788892266557465693e-01,0.000000000000000000e+00
-1.376469635223195764e+00,-1.163407009185959851e+00,1.000000000000000000e+00
3.837535369833282306e-02,-2.064481002575269397e-01,0.000000000000000000e+00
-2.530939524357603831e-01,1.543308664411502162e+00,1.000000000000000000e+00
5.002810164722065744e-01,1.061061947501186070e-01,0.000000000000000000e+00
2.635641117549019086e-01,-2.036622457286584087e+00,1.000000000000000000e+00
-9.209763071024213987e-01,-7.766686817568662082e-01,1.000000000000000000e+00
1.676905224493187685e+00,-4.384781804383388465e-02,1.000000000000000000e+00
-1.614955057253359971e-01,4.203246464681593686e-01,0.000000000000000000e+00
-5.568485396565120427e-01,-9.104754265199249685e-01,0.000000000000000000e+00
-8.622853467479767442e-01,-1.260505203474987512e+00,1.000000000000000000e+00
-4.377587636074163346e-01,-6.800218657635200836e-01,0.000000000000000000e+00
-9.299448497397048152e-01,2.826656153833446261e+00,1.000000000000000000e+00
-8.671821380410167368e-01,4.604519910745994982e-01,0.000000000000000000e+00
3.035338013070910113e-01,5.534336260292928023e-01,0.000000000000000000e+00
1.985890208015349989e+00,-6.809833644419915899e-01,1.000000000000000000e+00
1.043891017990654424e+00,4.966670596156955719e-01,0.000000000000000000e+00
1.176041511201166179e+00,-9.869852700840914261e-01,1.000000000000000000e+00
1.614350403688251945e-01,7.633064528044526398e-01,0.000000000000000000e+00
5.893148167891010258e-01,1.087430266217668917e+00,1.000000000000000000e+00
-3.371066207139025162e-01,5.264869182093347977e-01,0.000000000000000000e+00
1.104818394800640480e+00,-1.066708448585105495e+00,1.000000000000000000e+00
2.287741133414418759e-01,-5.076212611528184704e-01,0.000000000000000000e+00
-9.054971369536649606e-01,-1.211538036608104330e+00,1.000000000000000000e+00
3.515228278361505199e-01,4.993710405171091216e-01,0.000000000000000000e+00
-8.904112546007981743e-01,-2.055879272748999398e-01,0.000000000000000000e+00
-4.722566287813100283e-01,1.067815088384503897e+00,0.000000000000000000e+00
3.983756040615407668e-01,-7.286787639485807766e-01,0.000000000000000000e+00
-2.736586804191821543e+00,7.272651839633464954e-02,1.000000000000000000e+00
-1.161974686819368108e+00,-9.062975635401405994e-02,0.000000000000000000e+00
-1.983047916614313566e+00,1.418080449570202406e+00,1.000000000000000000e+00
-1.597788048309328746e+00,-1.908566737177562977e+00,1.000000000000000000e+00
6.424073167026915776e-01,1.338609955571335330e+00,1.000000000000000000e+00
1.295271398915839034e-01,9.964200625622624333e-03,0.000000000000000000e+00
-3.912004852306867897e-01,2.648535112390458246e-01,0.000000000000000000e+00
1.661530727876761482e+00,-7.391717767400636241e-01,1.000000000000000000e+00
1.617332787935442218e+00,-1.361749018255241195e+00,1.000000000000000000e+00
-2.389079191455403539e-01,-7.554958376983614832e-01,0.000000000000000000e+00
-7.717533666533382686e-02,8.024100269988442280e-01,0.000000000000000000e+00
-1.031630592668821178e+00,8.211872370065969040e-01,1.000000000000000000e+00
-1.106221585311982780e+00,4.158933429400799020e-02,0.000000000000000000e+00
1.376671035552176514e+00,-8.919684076411956708e-01,1.000000000000000000e+00
2.117550361123522240e+00,2.096374043482429617e-01,1.000000000000000000e+00
4.065517575035821896e-01,1.185866299943485691e+00,1.000000000000000000e+00
9.012404467823389442e-01,5.166157800473671763e-02,0.000000000000000000e+00
1.382258562909445487e+00,-3.946858377046619931e-02,1.000000000000000000e+00
-1.876864298095529904e+00,4.657495041722184981e-01,1.000000000000000000e+00
3.284317775019841568e-01,-1.134211481864771276e+00,0.000000000000000000e+00
-3.107717224157368618e-01,-1.338869962070976305e+00,1.000000000000000000e+00
-8.982496628150314910e-01,6.119617081132509018e-01,0.000000000000000000e+00
-1.983599161776118169e+00,1.163312436912365688e-01,1.000000000000000000e+00
3.013892422849173691e+00,-3.938421466167612572e-01,1.000000000000000000e+00
5.660472185037370707e-01,-3.470075589533089255e-01,0.000000000000000000e+00
2.204327099797492584e-01,2.410312222759942724e-01,0.000000000000000000e+00
-1.389247580644425328e+00,2.001233863404980884e+00,1.000000000000000000e+00
9.951559666258122938e-01,-4.716328027254221844e-01,0.000000000000000000e+00
-1.100867323706111733e+00,-1.923445321588130863e+00,1.000000000000000000e+00
2.188112826556280144e+00,1.080577056951269155e+00,1.000000000000000000e+00
1.253224379285857948e+00,6.815956033022316785e-01,1.000000000000000000e+00
-1.239383544963474915e+00,-1.774382363968688425e-01,1.000000000000000000e+00
-1.415759412046840859e+00,6.026892666653421715e-01,1.000000000000000000e+00
-1.655765655769176614e-01,-6.295018491981015929e-01,0.000000000000000000e+00
-1.100035008562900429e-01,-1.078927181361990062e+00,0.000000000000000000e+00
8.080868126511572269e-01,1.551629168706100792e+00,1.000000000000000000e+00
3.760443980046481172e-01,-1.263984493271484322e+00,1.000000000000000000e+00
5.766415005191087850e-01,-1.028744793945257641e+00,0.000000000000000000e+00
9.203000839291688440e-01,3.558372022128504786e-01,0.000000000000000000e+00
1.831171706741153427e-01,7.083950971738522950e-01,0.000000000000000000e+00
1.306857204503283132e+00,6.171453347923258059e-01,1.000000000000000000e+00
-1.059902698036380708e-01,1.949943386977247561e-01,0.000000000000000000e+00
-1.273965343967645714e+00,-4.982495763738286065e-01,1.000000000000000000e+00
-1.165268491036536291e-01,1.555878625798173542e-01,0.000000000000000000e+00
7.985163977615079567e-01,-1.886348213172162946e+00,1.000000000000000000e+00
5.467030747039579586e-01,7.449565607749741858e-01,0.000000000000000000e+00
8.066332555131413562e-01,7.173013658411970805e-01,0.000000000000000000e+00
-3.009510149526198330e-01,1.160183996622031088e+00,1.000000000000000000e+00
1.976368023114061789e-01,-7.970817681483480244e-02,0.000000000000000000e+00
4.545097782356796734e-01,2.684158104539528633e+00,1.000000000000000000e+00
5.312166037960105447e-01,-1.013439426950398792e+00,0.000000000000000000e+00
-1.216449616906943310e-01,-6.823673314113523625e-02,0.000000000000000000e+00
-1.999235286620301977e-01,1.040162184662893230e+00,0.000000000000000000e+00
-9.574198168097161066e-01,-1.093051869732583947e+00,1.000000000000000000e+00
-7.810595712509055266e-02,-1.954676886183548179e+00,1.000000000000000000e+00
-9.286576579157714839e-01,3.895092377694151509e-01,0.000000000000000000e+00
-1.777324735838500258e-01,-1.709503096031356639e+00,1.000000000000000000e+00
5.238601754323692905e-01,1.766339846937732549e-01,0.000000000000000000e+00
5.182526710439699924e-01,-1.008186990214586576e+00,0.000000000000000000e+00
-1.177512519924722501e+00,-1.484332389573961818e-02,0.000000000000000000e+00
8.680610214863199170e-01,2.258456778620220096e+00,1.000000000000000000e+00
-1.251882634496052915e-01,-1.989176183536646991e-01,0.000000000000000000e+00
2.953347795971495438e-01,6.729402688369918728e-01,0.000000000000000000e+00
-9.799601650862571622e-01,4.025437488241485062e-01,0.000000000000000000e+00
9.786753091452036202e-01,-7.345010961175597874e-02,0.000000000000000000e+00
1.602391513488545804e-01,3.713446939258330803e-01,0.000000000000000000e+00
1.315304911140964261e+00,-1.080546061158530691e+00,1.000000000000000000e+00
-6.748600455673024745e-02,-2.530251621635636328e-01,0.000000000000000000e+00
-2.517857594676729469e-02,2.013443279888514237e+00,1.000000000000000000e+00
-1.260291153648121165e+00,-8.716769578116054795e-01,1.000000000000000000e+00
1.000467589155006998e+00,1.576681733015959486e+00,1.000000000000000000e+00
7.795305792254296762e-01,2.526706568391920538e+00,1.000000000000000000e+00
-8.792755308694979455e-01,-8.175355953402724252e-02,0.000000000000000000e+00
-3.191605461352823081e+00,-2.713684086974724741e-01,1.000000000000000000e+00
4.652104525239025845e-01,7.019134925052786800e-01,0.000000000000000000e+00
-1.583841443219418943e-01,3.802638795408867511e-01,0.000000000000000000e+00
3.422625812606968077e-01,2.066854289643621723e+00,1.000000000000000000e+00
1.027513582315929819e+00,5.528386481495231042e-01,0.000000000000000000e+00
1.138379732289940716e+00,9.001004877454449327e-01,1.000000000000000000e+00
4.549939116558009977e-01,-7.038371059907917449e-01,0.000000000000000000e+00
1.054424536392733147e+00,2.700139417200619549e-02,0.000000000000000000e+00
-3.702292462856269228e-01,2.944157721655383045e-02,0.000000000000000000e+00
4.808586870997018092e-01,1.215181395457647140e+00,1.000000000000000000e+00
-2.524658381955152908e+00,-7.033374465849645540e-01,1.000000000000000000e+00
1.154556999737858802e-01,4.881269699068176426e-01,0.000000000000000000e+00
4.128996259186624718e-01,-7.519500467244835118e-01,0.000000000000000000e+00
-4.015541268564710164e-01,9.551830688691139715e-01,0.000000000000000000e+00
8.258269026026108239e-01,5.651147372281876136e-01,0.000000000000000000e+00
-1.245587648175533024e+00,-4.211212429380457589e-01,1.000000000000000000e+00
-3.269636362865081525e-01,6.138346930069155105e-01,0.000000000000000000e+00
5.194406233772316250e-01,9.502848486345362167e-01,0.000000000000000000e+00
9.140287478573605462e-01,6.009582851885819643e-01,0.000000000000000000e+00
5.092859017198292371e-01,3.589850518433388982e-01,0.000000000000000000e+00
-1.676231999740774303e-01,-5.936398366846709074e-01,0.000000000000000000e+00
-1.127619783776470985e+00,1.509168818974038873e+00,1.000000000000000000e+00
-1.742687462769133777e+00,7.560311179967255102e-01,1.000000000000000000e+00
-1.717316246926355872e+00,1.119050220971444132e+00,1.000000000000000000e+00
1.674653299369149417e+00,-1.122490370767223800e+00,1.000000000000000000e+00
-9.630684853920483679e-01,-1.840968302190161499e+00,1.000000000000000000e+00
-1.035039234136777120e+00,-1.448380113281516168e+00,1.000000000000000000e+00
-1.323071746751706412e-01,-1.674674439525440997e-02,0.000000000000000000e+00
9.746277874631917859e-01,9.224733066164388928e-01,1.000000000000000000e+00
1.252388805203427380e-01,3.282355353758948380e-01,0.000000000000000000e+00
1.066394303935511989e-01,-2.377531068862420993e-01,0.000000000000000000e+00
-1.811090195734608166e-01,-1.101327327565989750e-01,0.000000000000000000e+00
-2.228825672359806276e-01,9.870822491866662607e-02,0.000000000000000000e+00
-1.110320920727570160e+00,4.303393127943985208e-01,0.000000000000000000e+00
2.262356152844415269e-01,-2.186286216369024871e+00,1.000000000000000000e+00
-6.264945001306677641e-01,1.053873700444930561e+00,1.000000000000000000e+00
1.368057368711403654e-01,6.698287024173003035e-01,0.000000000000000000e+00
5.686958407718648578e-01,-7.076417207325608194e-01,0.000000000000000000e+00
-6.351984626430026704e-02,-3.360425864697977327e-01,0.000000000000000000e+00
-2.279705343955031605e-01,-9.519113142538881966e-01,0.000000000000000000e+00
-5.840196316073859029e-01,5.030632235710288391e-01,0.000000000000000000e+00
8.812318174138599192e-01,-2.069818237090838842e-01,0.000000000000000000e+00
9.008185682287432883e-01,7.658656548309381029e-02,0.000000000000000000e+00
-7.650967692902714834e-01,-1.641660298946925889e-01,0.000000000000000000e+00
5.876592220664925703e-01,1.222480194485966454e+00,1.000000000000000000e+00
-2.098182521599466277e+00,-2.110329560061722509e-01,1.000000000000000000e+00
2.209960881299449120e+00,9.281795134287298965e-02,1.000000000000000000e+00
9.389944193507842041e-01,1.856504119918537921e+00,1.000000000000000000e+00
-1.135387703701933870e-01,2.032588206817935284e+00,1.000000000000000000e+00
1.091813194501696671e+00,-9.612020907630383082e-01,1.000000000000000000e+00
1.595400253441310090e+00,-7.113941537546328853e-01,1.000000000000000000e+00
-5.115765778107864703e-01,-6.364676697040271280e-01,0.000000000000000000e+00
-3.565162048012424090e-01,1.015572721538795298e+00,0.000000000000000000e+00
-1.236456285971852864e+00,3.841445328645149981e-01,1.000000000000000000e+00
1.705835990700353744e+00,5.582908930204713016e-01,1.000000000000000000e+00
-6.147448899870622263e-01,6.324890492101635162e-03,0.000000000000000000e+00
-1.592118052787001803e+00,4.854934385324428114e-01,1.000000000000000000e+00
-2.608022271009637905e+00,-2.690126967584907103e+00,1.000000000000000000e+00
1.718804800419920564e+00,-2.773341334255888802e-01,1.000000000000000000e+00
3.926373847307767506e-01,2.715568196120934363e-01,0.000000000000000000e+00
-2.015606685190041159e-01,-6.659289689761889175e-01,0.000000000000000000e+00
1.153154708186235666e+00,2.058782638911048402e+00,1.000000000000000000e+00
5.609264632599186839e-01,2.631976136411022793e-01,0.000000000000000000e+00
-1.687112669427158984e+00,1.002769750876155275e+00,1.000000000000000000e+00
2.385279119849631202e-01,-1.587575722280449408e+00,1.000000000000000000e+00
-1.466357155992653150e+00,6.684824019073075663e-01,1.000000000000000000e+00
1.191461925076345407e+00,-6.904001282953968754e-01,1.000000000000000000e+00
1.313361688064396349e+00,3.057120946597331468e-01,1.000000000000000000e+00
-3.656541703979543922e-01,1.182125920209680991e+00,1.000000000000000000e+00
1.404567950083205341e+00,1.405375795481806078e-01,1.000000000000000000e+00
-7.589592916161052027e-01,-4.767482419174269292e-01,0.000000000000000000e+00
-1.395834245418699215e-01,1.204237217346002253e-01,0.000000000000000000e+00
-9.307458836344351116e-01,1.805111890617194228e-03,0.000000000000000000e+00
-3.715291860867883100e-01,6.110763200745591428e-01,0.000000000000000000e+00
1.422118286608466287e+00,-4.651859311487926418e-01,1.000000000000000000e+00
7.657191965414014145e-01,-1.055366653324313120e+00,1.000000000000000000e+00
1.222650661531361205e-01,5.582961655907272558e-01,0.000000000000000000e+00
5.194021319683017612e-01,1.235403421624354570e+00,1.000000000000000000e+00
1.949036833181935213e-01,-5.619339349717026311e-01,0.000000000000000000e+00
2.438062708387905286e-01,-1.133779293024327478e-01,0.000000000000000000e+00
-4.685513462587688749e-01,-1.103918737779668646e+00,1.000000000000000000e+00
-1.283786221994077215e+00,-2.516698426494436980e-01,1.000000000000000000e+00
1.360818596315745310e+00,4.286672427900450888e-01,1.000000000000000000e+00
5.325342988138543898e-01,6.654628779023163965e-01,0.000000000000000000e+00
5.046210587807571368e-01,-9.090316336886328230e-01,0.000000000000000000e+00
9.482592707159455125e-01,3.179409203244268900e-01,0.000000000000000000e+00
5.802361892584630976e-01,-3.391052682847804922e-01,0.000000000000000000e+00
4.714836826260279667e-01,-1.694283204989477654e-01,0.000000000000000000e+00
1.815059195737434239e+00,-9.123389291126239586e-02,1.000000000000000000e+00
1.613223975159405743e-02,9.449635326473482255e-01,0.000000000000000000e+00
-1.101902898847374745e-01,4.554155340995867940e-01,0.000000000000000000e+00
-1.349037445719923012e+00,-1.117503096002551377e+00,1.000000000000000000e+00
-9.931787981281808494e-03,-1.550591375913921710e-01,0.000000000000000000e+00
1.091222992411175152e+00,-1.511387275055597001e+00,1.000000000000000000e+00
-1.117333629106349813e+00,-5.430009153676819134e-01,1.000000000000000000e+00
1.532122781731282135e-01,-1.560109340972878553e-02,0.000000000000000000e+00
